mmsi,timestamp,latitude,longitude,speed_knots,course_degrees,vessel_type
316001111,2018-12-18T00:00:00+00:00,29.12930281947898,-88.83094447431202,9.2,47,Oil Tanker
316002222,2018-12-18T00:00:00+00:00,29.20030281947898,-88.85654447431203,11.5,34,Cargo
316003333,2018-12-18T00:00:00+00:00,29.161702819478982,-88.79694447431201,4.2,18,Tug
316004444,2018-12-18T00:00:00+00:00,28.96130281947898,-88.68494447431202,14.0,310,Passenger
316001111,2018-12-18T00:20:00+00:00,29.129969486145647,-88.83021114097869,9.2,47,Oil Tanker
316002222,2018-12-18T00:20:00+00:00,29.200802819478984,-88.8562111409787,11.5,34,Cargo
316003333,2018-12-18T00:20:00+00:00,29.161802819478982,-88.79687780764536,4.2,18,Tug
316004444,2018-12-18T00:20:00+00:00,28.961636152812314,-88.6852111409787,14.0,310,Passenger
316001111,2018-12-18T00:40:00+00:00,29.130636152812315,-88.82947780764536,9.2,47,Oil Tanker
316002222,2018-12-18T00:40:00+00:00,29.201302819478983,-88.85587780764537,11.5,34,Cargo
316003333,2018-12-18T00:40:00+00:00,29.161902819478982,-88.79681114097869,4.2,18,Tug
316004444,2018-12-18T00:40:00+00:00,28.961969486145648,-88.68547780764536,14.0,310,Passenger
316001111,2018-12-18T01:00:00+00:00,29.131302819478982,-88.82874447431202,9.2,47,Oil Tanker
316002222,2018-12-18T01:00:00+00:00,29.20180281947898,-88.85554447431203,11.5,34,Cargo
316003333,2018-12-18T01:00:00+00:00,29.16200281947898,-88.79674447431202,4.2,18,Tug
316004444,2018-12-18T01:00:00+00:00,28.96230281947898,-88.68574447431203,14.0,310,Passenger
316001111,2018-12-18T01:20:00+00:00,29.131969486145646,-88.82801114097869,9.2,47,Oil Tanker
316002222,2018-12-18T01:20:00+00:00,29.202302819478984,-88.8552111409787,11.5,34,Cargo
316003333,2018-12-18T01:20:00+00:00,29.16210281947898,-88.79667780764535,4.2,18,Tug
316004444,2018-12-18T01:20:00+00:00,28.962636152812316,-88.68601114097869,14.0,310,Passenger
316001111,2018-12-18T01:40:00+00:00,29.132636152812314,-88.82727780764536,9.2,47,Oil Tanker
316002222,2018-12-18T01:40:00+00:00,29.202802819478983,-88.85487780764537,11.5,34,Cargo
316003333,2018-12-18T01:40:00+00:00,29.16220281947898,-88.79661114097868,4.2,18,Tug
316004444,2018-12-18T01:40:00+00:00,28.96296948614565,-88.68627780764535,14.0,310,Passenger
316001111,2018-12-18T02:00:00+00:00,29.13330281947898,-88.82654447431203,9.2,47,Oil Tanker
316002222,2018-12-18T02:00:00+00:00,29.20330281947898,-88.85454447431204,11.5,34,Cargo
316003333,2018-12-18T02:00:00+00:00,29.16230281947898,-88.79654447431201,4.2,18,Tug
316004444,2018-12-18T02:00:00+00:00,28.96330281947898,-88.68654447431203,14.0,310,Passenger
316001111,2018-12-18T02:20:00+00:00,29.13396948614565,-88.82581114097869,9.2,47,Oil Tanker
316002222,2018-12-18T02:20:00+00:00,29.20380281947898,-88.85421114097869,11.5,34,Cargo
316003333,2018-12-18T02:20:00+00:00,29.16240281947898,-88.79647780764535,4.2,18,Tug
316004444,2018-12-18T02:20:00+00:00,28.963636152812313,-88.68681114097869,14.0,310,Passenger
316001111,2018-12-18T02:40:00+00:00,29.134636152812313,-88.82507780764536,9.2,47,Oil Tanker
316002222,2018-12-18T02:40:00+00:00,29.204302819478983,-88.85387780764536,11.5,34,Cargo
316003333,2018-12-18T02:40:00+00:00,29.16250281947898,-88.79641114097869,4.2,18,Tug
316004444,2018-12-18T02:40:00+00:00,28.963969486145647,-88.68707780764535,14.0,310,Passenger
316001111,2018-12-18T03:00:00+00:00,29.13530281947898,-88.82434447431203,9.2,47,Oil Tanker
316002222,2018-12-18T03:00:00+00:00,29.20480281947898,-88.85354447431203,11.5,34,Cargo
316003333,2018-12-18T03:00:00+00:00,29.16260281947898,-88.79634447431202,4.2,18,Tug
316004444,2018-12-18T03:00:00+00:00,28.96430281947898,-88.68734447431203,14.0,310,Passenger
316001111,2018-12-18T03:20:00+00:00,29.135969486145648,-88.82361114097868,9.2,47,Oil Tanker
316002222,2018-12-18T03:20:00+00:00,29.20530281947898,-88.8532111409787,11.5,34,Cargo
316003333,2018-12-18T03:20:00+00:00,29.16270281947898,-88.79627780764535,4.2,18,Tug
316004444,2018-12-18T03:20:00+00:00,28.964636152812314,-88.68761114097869,14.0,310,Passenger
316001111,2018-12-18T03:40:00+00:00,29.136636152812315,-88.82287780764536,9.2,47,Oil Tanker
316002222,2018-12-18T03:40:00+00:00,29.205802819478983,-88.85287780764537,11.5,34,Cargo
316003333,2018-12-18T03:40:00+00:00,29.16280281947898,-88.79621114097868,4.2,18,Tug
316004444,2018-12-18T03:40:00+00:00,28.964969486145648,-88.68787780764536,14.0,310,Passenger
316001111,2018-12-18T04:00:00+00:00,29.137302819478982,-88.82214447431203,9.2,47,Oil Tanker
316002222,2018-12-18T04:00:00+00:00,29.20630281947898,-88.85254447431203,11.5,34,Cargo
316003333,2018-12-18T04:00:00+00:00,29.16290281947898,-88.79614447431202,4.2,18,Tug
316004444,2018-12-18T04:00:00+00:00,28.965302819478982,-88.68814447431203,14.0,310,Passenger
316001111,2018-12-18T04:20:00+00:00,29.137969486145646,-88.8214111409787,9.2,47,Oil Tanker
316002222,2018-12-18T04:20:00+00:00,29.20680281947898,-88.8522111409787,11.5,34,Cargo
316003333,2018-12-18T04:20:00+00:00,29.16300281947898,-88.79607780764535,4.2,18,Tug
316004444,2018-12-18T04:20:00+00:00,28.965636152812316,-88.68841114097869,14.0,310,Passenger
316001111,2018-12-18T04:40:00+00:00,29.138636152812314,-88.82067780764535,9.2,47,Oil Tanker
316002222,2018-12-18T04:40:00+00:00,29.207302819478983,-88.85187780764537,11.5,34,Cargo
316003333,2018-12-18T04:40:00+00:00,29.163102819478983,-88.79601114097869,4.2,18,Tug
316004444,2018-12-18T04:40:00+00:00,28.96596948614565,-88.68867780764536,14.0,310,Passenger
316001111,2018-12-18T05:00:00+00:00,29.13930281947898,-88.81994447431202,9.2,47,Oil Tanker
316002222,2018-12-18T05:00:00+00:00,29.20780281947898,-88.85154447431204,11.5,34,Cargo
316003333,2018-12-18T05:00:00+00:00,29.163202819478983,-88.79594447431202,4.2,18,Tug
316004444,2018-12-18T05:00:00+00:00,28.96630281947898,-88.68894447431202,14.0,310,Passenger
316001111,2018-12-18T05:20:00+00:00,29.13996948614565,-88.8192111409787,9.2,47,Oil Tanker
316002222,2018-12-18T05:20:00+00:00,29.20830281947898,-88.85121114097869,11.5,34,Cargo
316003333,2018-12-18T05:20:00+00:00,29.163302819478982,-88.79587780764535,4.2,18,Tug
316004444,2018-12-18T05:20:00+00:00,28.966636152812313,-88.68921114097868,14.0,310,Passenger
316001111,2018-12-18T05:40:00+00:00,29.140636152812313,-88.81847780764535,9.2,47,Oil Tanker
316002222,2018-12-18T05:40:00+00:00,29.208802819478983,-88.85087780764536,11.5,34,Cargo
316003333,2018-12-18T05:40:00+00:00,29.163402819478982,-88.79581114097869,4.2,18,Tug
316004444,2018-12-18T05:40:00+00:00,28.966969486145647,-88.68947780764536,14.0,310,Passenger
316001111,2018-12-18T06:00:00+00:00,29.14130281947898,-88.81774447431202,9.2,47,Oil Tanker
316002222,2018-12-18T06:00:00+00:00,29.20930281947898,-88.85054447431203,11.5,34,Cargo
316003333,2018-12-18T06:00:00+00:00,29.163502819478982,-88.79574447431202,4.2,18,Tug
316004444,2018-12-18T06:00:00+00:00,28.96730281947898,-88.68974447431202,14.0,310,Passenger
316001111,2018-12-18T06:20:00+00:00,29.141969486145648,-88.81701114097869,9.2,47,Oil Tanker
316002222,2018-12-18T06:20:00+00:00,29.20980281947898,-88.8502111409787,11.5,34,Cargo
316003333,2018-12-18T06:20:00+00:00,29.16360281947898,-88.79567780764535,4.2,18,Tug
316004444,2018-12-18T06:20:00+00:00,28.967636152812315,-88.6900111409787,14.0,310,Passenger
316001111,2018-12-18T06:40:00+00:00,29.142636152812315,-88.81627780764536,9.2,47,Oil Tanker
316002222,2018-12-18T06:40:00+00:00,29.210302819478983,-88.84987780764537,11.5,34,Cargo
316003333,2018-12-18T06:40:00+00:00,29.16370281947898,-88.79561114097869,4.2,18,Tug
316004444,2018-12-18T06:40:00+00:00,28.96796948614565,-88.69027780764536,14.0,310,Passenger
316001111,2018-12-18T07:00:00+00:00,29.14330281947898,-88.81554447431202,9.2,47,Oil Tanker
316002222,2018-12-18T07:00:00+00:00,29.21080281947898,-88.84954447431203,11.5,34,Cargo
316003333,2018-12-18T07:00:00+00:00,29.16380281947898,-88.79554447431202,4.2,18,Tug
316004444,2018-12-18T07:00:00+00:00,28.968302819478982,-88.69054447431202,14.0,310,Passenger
316001111,2018-12-18T07:20:00+00:00,29.143969486145647,-88.81481114097869,9.2,47,Oil Tanker
316002222,2018-12-18T07:20:00+00:00,29.21130281947898,-88.8492111409787,11.5,34,Cargo
316003333,2018-12-18T07:20:00+00:00,29.16390281947898,-88.79547780764536,4.2,18,Tug
316004444,2018-12-18T07:20:00+00:00,28.968636152812316,-88.6908111409787,14.0,310,Passenger
316001111,2018-12-18T07:40:00+00:00,29.144636152812314,-88.81407780764536,9.2,47,Oil Tanker
316002222,2018-12-18T07:40:00+00:00,29.211802819478983,-88.84887780764537,11.5,34,Cargo
316003333,2018-12-18T07:40:00+00:00,29.16400281947898,-88.79541114097869,4.2,18,Tug
316004444,2018-12-18T07:40:00+00:00,28.968969486145646,-88.69107780764536,14.0,310,Passenger
316001111,2018-12-18T08:00:00+00:00,29.14530281947898,-88.81334447431202,9.2,47,Oil Tanker
316002222,2018-12-18T08:00:00+00:00,29.21230281947898,-88.84854447431204,11.5,34,Cargo
316003333,2018-12-18T08:00:00+00:00,29.16410281947898,-88.79534447431202,4.2,18,Tug
316004444,2018-12-18T08:00:00+00:00,28.96930281947898,-88.69134447431202,14.0,310,Passenger
316001111,2018-12-18T08:20:00+00:00,29.14596948614565,-88.81261114097869,9.2,47,Oil Tanker
316002222,2018-12-18T08:20:00+00:00,29.21280281947898,-88.84821114097869,11.5,34,Cargo
316003333,2018-12-18T08:20:00+00:00,29.16420281947898,-88.79527780764535,4.2,18,Tug
316004444,2018-12-18T08:20:00+00:00,28.969636152812313,-88.6916111409787,14.0,310,Passenger
316001111,2018-12-18T08:40:00+00:00,29.146636152812313,-88.81187780764536,9.2,47,Oil Tanker
316002222,2018-12-18T08:40:00+00:00,29.213302819478983,-88.84787780764536,11.5,34,Cargo
316003333,2018-12-18T08:40:00+00:00,29.16430281947898,-88.79521114097868,4.2,18,Tug
316004444,2018-12-18T08:40:00+00:00,28.969969486145647,-88.69187780764535,14.0,310,Passenger
316001111,2018-12-18T09:00:00+00:00,29.14730281947898,-88.81114447431203,9.2,47,Oil Tanker
316002222,2018-12-18T09:00:00+00:00,29.213802819478982,-88.84754447431203,11.5,34,Cargo
316003333,2018-12-18T09:00:00+00:00,29.16440281947898,-88.79514447431202,4.2,18,Tug
316004444,2018-12-18T09:00:00+00:00,28.97030281947898,-88.69214447431203,14.0,310,Passenger
316001111,2018-12-18T09:20:00+00:00,29.147969486145648,-88.81041114097869,9.2,47,Oil Tanker
316002222,2018-12-18T09:20:00+00:00,29.21430281947898,-88.8472111409787,11.5,34,Cargo
316003333,2018-12-18T09:20:00+00:00,29.16450281947898,-88.79507780764536,4.2,18,Tug
316004444,2018-12-18T09:20:00+00:00,28.970636152812315,-88.69241114097869,14.0,310,Passenger
316001111,2018-12-18T09:40:00+00:00,29.148636152812315,-88.80967780764536,9.2,47,Oil Tanker
316002222,2018-12-18T09:40:00+00:00,29.214802819478983,-88.84687780764537,11.5,34,Cargo
316003333,2018-12-18T09:40:00+00:00,29.164602819478983,-88.79501114097869,4.2,18,Tug
316004444,2018-12-18T09:40:00+00:00,28.97096948614565,-88.69267780764535,14.0,310,Passenger
316001111,2018-12-18T10:00:00+00:00,29.14930281947898,-88.80894447431203,9.2,47,Oil Tanker
316002222,2018-12-18T10:00:00+00:00,29.215302819478982,-88.84654447431203,11.5,34,Cargo
316003333,2018-12-18T10:00:00+00:00,29.164702819478983,-88.79494447431202,4.2,18,Tug
316004444,2018-12-18T10:00:00+00:00,28.971302819478982,-88.69294447431203,14.0,310,Passenger
316001111,2018-12-18T10:20:00+00:00,29.149969486145647,-88.80821114097868,9.2,47,Oil Tanker
316002222,2018-12-18T10:20:00+00:00,29.21580281947898,-88.8462111409787,11.5,34,Cargo
316003333,2018-12-18T10:20:00+00:00,29.164802819478982,-88.79487780764535,4.2,18,Tug
316004444,2018-12-18T10:20:00+00:00,28.971636152812316,-88.69321114097869,14.0,310,Passenger
316001111,2018-12-18T10:40:00+00:00,29.150636152812314,-88.80747780764536,9.2,47,Oil Tanker
316002222,2018-12-18T10:40:00+00:00,29.216302819478983,-88.84587780764537,11.5,34,Cargo
316003333,2018-12-18T10:40:00+00:00,29.164902819478982,-88.79481114097868,4.2,18,Tug
316004444,2018-12-18T10:40:00+00:00,28.971969486145646,-88.69347780764535,14.0,310,Passenger
316001111,2018-12-18T11:00:00+00:00,29.151302819478982,-88.80674447431203,9.2,47,Oil Tanker
316002222,2018-12-18T11:00:00+00:00,29.216802819478982,-88.84554447431204,11.5,34,Cargo
316003333,2018-12-18T11:00:00+00:00,29.165002819478982,-88.79474447431203,4.2,18,Tug
316004444,2018-12-18T11:00:00+00:00,28.97230281947898,-88.69374447431203,14.0,310,Passenger
316001111,2018-12-18T11:20:00+00:00,29.151969486145646,-88.8060111409787,0.4,47,Oil Tanker
316002222,2018-12-18T11:20:00+00:00,29.21730281947898,-88.84521114097869,11.5,34,Cargo
316003333,2018-12-18T11:20:00+00:00,29.16510281947898,-88.79467780764536,4.2,18,Tug
316004444,2018-12-18T11:20:00+00:00,28.972636152812314,-88.69401114097869,14.0,310,Passenger
316001111,2018-12-18T11:40:00+00:00,29.152636152812313,-88.80527780764535,0.4,47,Oil Tanker
316002222,2018-12-18T11:40:00+00:00,29.217802819478983,-88.84487780764536,11.5,34,Cargo
316003333,2018-12-18T11:40:00+00:00,29.16520281947898,-88.79461114097869,4.2,18,Tug
316004444,2018-12-18T11:40:00+00:00,28.972969486145647,-88.69427780764536,14.0,310,Passenger
316001111,2018-12-18T12:00:00+00:00,29.15330281947898,-88.80454447431202,0.4,47,Oil Tanker
316002222,2018-12-18T12:00:00+00:00,29.218302819478982,-88.84454447431203,11.5,34,Cargo
316003333,2018-12-18T12:00:00+00:00,29.16530281947898,-88.79454447431202,4.2,18,Tug
316004444,2018-12-18T12:00:00+00:00,28.97330281947898,-88.69454447431202,14.0,310,Passenger
316001111,2018-12-18T12:20:00+00:00,29.153969486145648,-88.8038111409787,0.4,47,Oil Tanker
316002222,2018-12-18T12:20:00+00:00,29.21880281947898,-88.8442111409787,11.5,34,Cargo
316003333,2018-12-18T12:20:00+00:00,29.16540281947898,-88.79447780764535,4.2,18,Tug
316004444,2018-12-18T12:20:00+00:00,28.973636152812315,-88.69481114097869,14.0,310,Passenger
316001111,2018-12-18T12:40:00+00:00,29.154636152812316,-88.80307780764535,0.4,47,Oil Tanker
316002222,2018-12-18T12:40:00+00:00,29.219302819478983,-88.84387780764537,11.5,34,Cargo
316003333,2018-12-18T12:40:00+00:00,29.16550281947898,-88.79441114097868,4.2,18,Tug
316004444,2018-12-18T12:40:00+00:00,28.97396948614565,-88.69507780764536,14.0,310,Passenger
316001111,2018-12-18T13:00:00+00:00,29.15530281947898,-88.80234447431202,9.2,47,Oil Tanker
316002222,2018-12-18T13:00:00+00:00,29.219802819478982,-88.84354447431203,11.5,34,Cargo
316003333,2018-12-18T13:00:00+00:00,29.16560281947898,-88.79434447431201,4.2,18,Tug
316004444,2018-12-18T13:00:00+00:00,28.974302819478982,-88.69534447431202,14.0,310,Passenger
316001111,2018-12-18T13:20:00+00:00,29.155969486145647,-88.8016111409787,9.2,47,Oil Tanker
316002222,2018-12-18T13:20:00+00:00,29.22030281947898,-88.8432111409787,11.5,34,Cargo
316003333,2018-12-18T13:20:00+00:00,29.16570281947898,-88.79427780764536,4.2,18,Tug
316004444,2018-12-18T13:20:00+00:00,28.974636152812316,-88.6956111409787,14.0,310,Passenger
316001111,2018-12-18T13:40:00+00:00,29.156636152812315,-88.80087780764536,9.2,47,Oil Tanker
316002222,2018-12-18T13:40:00+00:00,29.220802819478983,-88.84287780764537,11.5,34,Cargo
316003333,2018-12-18T13:40:00+00:00,29.16580281947898,-88.79421114097869,4.2,18,Tug
316004444,2018-12-18T13:40:00+00:00,28.974969486145646,-88.69587780764536,14.0,310,Passenger
316001111,2018-12-18T14:00:00+00:00,29.157302819478982,-88.80014447431202,9.2,47,Oil Tanker
316002222,2018-12-18T14:00:00+00:00,29.221302819478982,-88.84254447431204,11.5,34,Cargo
316003333,2018-12-18T14:00:00+00:00,29.16590281947898,-88.79414447431202,4.2,18,Tug
316004444,2018-12-18T14:00:00+00:00,28.97530281947898,-88.69614447431202,14.0,310,Passenger
316001111,2018-12-18T14:20:00+00:00,29.157969486145646,-88.79941114097869,9.2,47,Oil Tanker
316002222,2018-12-18T14:20:00+00:00,29.22180281947898,-88.84221114097869,11.5,34,Cargo
316003333,2018-12-18T14:20:00+00:00,29.16600281947898,-88.79407780764535,4.2,18,Tug
316004444,2018-12-18T14:20:00+00:00,28.975636152812314,-88.6964111409787,14.0,310,Passenger
316001111,2018-12-18T14:40:00+00:00,29.158636152812313,-88.79867780764536,9.2,47,Oil Tanker
316002222,2018-12-18T14:40:00+00:00,29.222302819478983,-88.84187780764536,11.5,34,Cargo
316003333,2018-12-18T14:40:00+00:00,29.166102819478983,-88.79401114097868,4.2,18,Tug
316004444,2018-12-18T14:40:00+00:00,28.975969486145647,-88.69667780764536,14.0,310,Passenger
316001111,2018-12-18T15:00:00+00:00,29.15930281947898,-88.79794447431202,9.2,47,Oil Tanker
316002222,2018-12-18T15:00:00+00:00,29.222802819478982,-88.84154447431203,11.5,34,Cargo
316003333,2018-12-18T15:00:00+00:00,29.166202819478983,-88.79394447431201,4.2,18,Tug
316004444,2018-12-18T15:00:00+00:00,28.97630281947898,-88.69694447431202,14.0,310,Passenger
316001111,2018-12-18T15:20:00+00:00,29.15996948614565,-88.79721114097869,9.2,47,Oil Tanker
316002222,2018-12-18T15:20:00+00:00,29.22330281947898,-88.8412111409787,11.5,34,Cargo
316003333,2018-12-18T15:20:00+00:00,29.166302819478982,-88.79387780764536,4.2,18,Tug
316004444,2018-12-18T15:20:00+00:00,28.976636152812315,-88.6972111409787,14.0,310,Passenger
316001111,2018-12-18T15:40:00+00:00,29.160636152812312,-88.79647780764536,9.2,47,Oil Tanker
316002222,2018-12-18T15:40:00+00:00,29.223802819478983,-88.84087780764537,11.5,34,Cargo
316003333,2018-12-18T15:40:00+00:00,29.166402819478982,-88.79381114097869,4.2,18,Tug
316004444,2018-12-18T15:40:00+00:00,28.97696948614565,-88.69747780764536,14.0,310,Passenger
316001111,2018-12-18T16:00:00+00:00,29.16130281947898,-88.79574447431203,9.2,47,Oil Tanker
316002222,2018-12-18T16:00:00+00:00,29.224302819478982,-88.84054447431203,11.5,34,Cargo
316003333,2018-12-18T16:00:00+00:00,29.166502819478982,-88.79374447431202,4.2,18,Tug
316004444,2018-12-18T16:00:00+00:00,28.977302819478982,-88.69774447431203,14.0,310,Passenger
316001111,2018-12-18T16:20:00+00:00,29.161969486145647,-88.79501114097869,9.2,47,Oil Tanker
316002222,2018-12-18T16:20:00+00:00,29.22480281947898,-88.8402111409787,11.5,34,Cargo
316003333,2018-12-18T16:20:00+00:00,29.16660281947898,-88.79367780764535,4.2,18,Tug
316004444,2018-12-18T16:20:00+00:00,28.977636152812316,-88.69801114097869,14.0,310,Passenger
316001111,2018-12-18T16:40:00+00:00,29.162636152812315,-88.79427780764536,9.2,47,Oil Tanker
316002222,2018-12-18T16:40:00+00:00,29.225302819478983,-88.83987780764537,11.5,34,Cargo
316003333,2018-12-18T16:40:00+00:00,29.16670281947898,-88.79361114097868,4.2,18,Tug
316004444,2018-12-18T16:40:00+00:00,28.977969486145646,-88.69827780764535,14.0,310,Passenger
316001111,2018-12-18T17:00:00+00:00,29.163302819478982,-88.79354447431203,9.2,47,Oil Tanker
316002222,2018-12-18T17:00:00+00:00,29.225802819478982,-88.83954447431204,11.5,34,Cargo
316003333,2018-12-18T17:00:00+00:00,29.16680281947898,-88.79354447431201,4.2,18,Tug
316004444,2018-12-18T17:00:00+00:00,28.97830281947898,-88.69854447431203,14.0,310,Passenger
316001111,2018-12-18T17:20:00+00:00,29.163969486145646,-88.79281114097869,9.2,47,Oil Tanker
316002222,2018-12-18T17:20:00+00:00,29.22630281947898,-88.83921114097869,11.5,34,Cargo
316003333,2018-12-18T17:20:00+00:00,29.16690281947898,-88.79347780764535,4.2,18,Tug
316004444,2018-12-18T17:20:00+00:00,28.978636152812314,-88.69881114097869,14.0,310,Passenger
316001111,2018-12-18T17:40:00+00:00,29.164636152812314,-88.79207780764536,9.2,47,Oil Tanker
316002222,2018-12-18T17:40:00+00:00,29.226802819478984,-88.83887780764536,11.5,34,Cargo
316003333,2018-12-18T17:40:00+00:00,29.16700281947898,-88.79341114097869,4.2,18,Tug
316004444,2018-12-18T17:40:00+00:00,28.978969486145647,-88.69907780764535,14.0,310,Passenger
316001111,2018-12-18T18:00:00+00:00,29.16530281947898,-88.79134447431203,9.2,47,Oil Tanker
316002222,2018-12-18T18:00:00+00:00,29.227302819478982,-88.83854447431203,11.5,34,Cargo
316003333,2018-12-18T18:00:00+00:00,29.16710281947898,-88.79334447431202,4.2,18,Tug
316004444,2018-12-18T18:00:00+00:00,28.97930281947898,-88.69934447431203,14.0,310,Passenger
316001111,2018-12-18T18:20:00+00:00,29.16596948614565,-88.7906111409787,9.2,47,Oil Tanker
316002222,2018-12-18T18:20:00+00:00,29.22780281947898,-88.8382111409787,11.5,34,Cargo
316003333,2018-12-18T18:20:00+00:00,29.16720281947898,-88.79327780764535,4.2,18,Tug
316004444,2018-12-18T18:20:00+00:00,28.979636152812315,-88.69961114097869,14.0,310,Passenger
316001111,2018-12-18T18:40:00+00:00,29.166636152812313,-88.78987780764535,9.2,47,Oil Tanker
316002222,2018-12-18T18:40:00+00:00,29.228302819478984,-88.83787780764537,11.5,34,Cargo
316003333,2018-12-18T18:40:00+00:00,29.16730281947898,-88.79321114097868,4.2,18,Tug
316004444,2018-12-18T18:40:00+00:00,28.97996948614565,-88.69987780764536,14.0,310,Passenger
316001111,2018-12-18T19:00:00+00:00,29.16730281947898,-88.78914447431202,9.2,47,Oil Tanker
316002222,2018-12-18T19:00:00+00:00,29.228802819478982,-88.83754447431203,11.5,34,Cargo
316003333,2018-12-18T19:00:00+00:00,29.16740281947898,-88.79314447431202,4.2,18,Tug
316004444,2018-12-18T19:00:00+00:00,28.980302819478982,-88.70014447431203,14.0,310,Passenger
316001111,2018-12-18T19:20:00+00:00,29.167969486145648,-88.7884111409787,9.2,47,Oil Tanker
316002222,2018-12-18T19:20:00+00:00,29.22930281947898,-88.8372111409787,11.5,34,Cargo
316003333,2018-12-18T19:20:00+00:00,29.16750281947898,-88.79307780764535,4.2,18,Tug
316004444,2018-12-18T19:20:00+00:00,28.980636152812313,-88.70041114097869,14.0,310,Passenger
316001111,2018-12-18T19:40:00+00:00,29.168636152812315,-88.78767780764535,9.2,47,Oil Tanker
316002222,2018-12-18T19:40:00+00:00,29.229802819478984,-88.83687780764537,11.5,34,Cargo
316003333,2018-12-18T19:40:00+00:00,29.167602819478983,-88.79301114097869,4.2,18,Tug
316004444,2018-12-18T19:40:00+00:00,28.980969486145646,-88.70067780764536,14.0,310,Passenger
316001111,2018-12-18T20:00:00+00:00,29.16930281947898,-88.78694447431202,9.2,47,Oil Tanker
316002222,2018-12-18T20:00:00+00:00,29.230302819478982,-88.83654447431203,11.5,34,Cargo
316003333,2018-12-18T20:00:00+00:00,29.167702819478983,-88.79294447431202,4.2,18,Tug
316004444,2018-12-18T20:00:00+00:00,28.98130281947898,-88.70094447431202,14.0,310,Passenger
316001111,2018-12-18T20:20:00+00:00,29.169969486145646,-88.7862111409787,9.2,47,Oil Tanker
316002222,2018-12-18T20:20:00+00:00,29.23080281947898,-88.83621114097869,11.5,34,Cargo
316003333,2018-12-18T20:20:00+00:00,29.167802819478982,-88.79287780764535,4.2,18,Tug
316004444,2018-12-18T20:20:00+00:00,28.981636152812314,-88.70121114097869,14.0,310,Passenger
316001111,2018-12-18T20:40:00+00:00,29.170636152812314,-88.78547780764536,9.2,47,Oil Tanker
316002222,2018-12-18T20:40:00+00:00,29.231302819478984,-88.83587780764536,11.5,34,Cargo
316003333,2018-12-18T20:40:00+00:00,29.167902819478982,-88.79281114097869,4.2,18,Tug
316004444,2018-12-18T20:40:00+00:00,28.981969486145648,-88.70147780764536,14.0,310,Passenger
316001111,2018-12-18T21:00:00+00:00,29.17130281947898,-88.78474447431202,9.2,47,Oil Tanker
316002222,2018-12-18T21:00:00+00:00,29.231802819478983,-88.83554447431203,11.5,34,Cargo
316003333,2018-12-18T21:00:00+00:00,29.168002819478982,-88.79274447431202,4.2,18,Tug
316004444,2018-12-18T21:00:00+00:00,28.98230281947898,-88.70174447431202,14.0,310,Passenger
316001111,2018-12-18T21:20:00+00:00,29.17196948614565,-88.78401114097869,9.2,47,Oil Tanker
316002222,2018-12-18T21:20:00+00:00,29.23230281947898,-88.8352111409787,11.5,34,Cargo
316003333,2018-12-18T21:20:00+00:00,29.16810281947898,-88.79267780764535,4.2,18,Tug
316004444,2018-12-18T21:20:00+00:00,28.982636152812315,-88.7020111409787,14.0,310,Passenger
316001111,2018-12-18T21:40:00+00:00,29.172636152812313,-88.78327780764536,9.2,47,Oil Tanker
316002222,2018-12-18T21:40:00+00:00,29.232802819478984,-88.83487780764537,11.5,34,Cargo
316003333,2018-12-18T21:40:00+00:00,29.16820281947898,-88.79261114097869,4.2,18,Tug
316004444,2018-12-18T21:40:00+00:00,28.98296948614565,-88.70227780764536,14.0,310,Passenger
316001111,2018-12-18T22:00:00+00:00,29.17330281947898,-88.78254447431202,9.2,47,Oil Tanker
316002222,2018-12-18T22:00:00+00:00,29.233302819478983,-88.83454447431203,11.5,34,Cargo
316003333,2018-12-18T22:00:00+00:00,29.16830281947898,-88.79254447431202,4.2,18,Tug
316004444,2018-12-18T22:00:00+00:00,28.983302819478983,-88.70254447431202,14.0,310,Passenger
316001111,2018-12-18T22:20:00+00:00,29.173969486145648,-88.78181114097869,9.2,47,Oil Tanker
316002222,2018-12-18T22:20:00+00:00,29.23380281947898,-88.8342111409787,11.5,34,Cargo
316003333,2018-12-18T22:20:00+00:00,29.16840281947898,-88.79247780764535,4.2,18,Tug
316004444,2018-12-18T22:20:00+00:00,28.983636152812313,-88.7028111409787,14.0,310,Passenger
316001111,2018-12-18T22:40:00+00:00,29.174636152812315,-88.78107780764536,9.2,47,Oil Tanker
316002222,2018-12-18T22:40:00+00:00,29.23430281947898,-88.83387780764537,11.5,34,Cargo
316003333,2018-12-18T22:40:00+00:00,29.16850281947898,-88.79241114097869,4.2,18,Tug
316004444,2018-12-18T22:40:00+00:00,28.983969486145646,-88.70307780764536,14.0,310,Passenger
316001111,2018-12-18T23:00:00+00:00,29.17530281947898,-88.78034447431203,9.2,47,Oil Tanker
316002222,2018-12-18T23:00:00+00:00,29.234802819478983,-88.83354447431203,11.5,34,Cargo
316003333,2018-12-18T23:00:00+00:00,29.16860281947898,-88.79234447431202,4.2,18,Tug
316004444,2018-12-18T23:00:00+00:00,28.98430281947898,-88.70334447431202,14.0,310,Passenger
316001111,2018-12-18T23:20:00+00:00,29.175969486145647,-88.77961114097869,9.2,47,Oil Tanker
316002222,2018-12-18T23:20:00+00:00,29.23530281947898,-88.83321114097869,11.5,34,Cargo
316003333,2018-12-18T23:20:00+00:00,29.16870281947898,-88.79227780764535,4.2,18,Tug
316004444,2018-12-18T23:20:00+00:00,28.984636152812314,-88.7036111409787,14.0,310,Passenger
316001111,2018-12-18T23:40:00+00:00,29.176636152812314,-88.77887780764536,9.2,47,Oil Tanker
316002222,2018-12-18T23:40:00+00:00,29.23580281947898,-88.83287780764536,11.5,34,Cargo
316003333,2018-12-18T23:40:00+00:00,29.16880281947898,-88.79221114097868,4.2,18,Tug
316004444,2018-12-18T23:40:00+00:00,28.984969486145648,-88.70387780764536,14.0,310,Passenger
316001111,2018-12-19T00:00:00+00:00,29.17730281947898,-88.77814447431203,9.2,47,Oil Tanker
316002222,2018-12-19T00:00:00+00:00,29.236302819478983,-88.83254447431203,11.5,34,Cargo
316003333,2018-12-19T00:00:00+00:00,29.16890281947898,-88.79214447431202,4.2,18,Tug
316004444,2018-12-19T00:00:00+00:00,28.98530281947898,-88.70414447431203,14.0,310,Passenger
316001111,2018-12-19T00:20:00+00:00,29.17796948614565,-88.77741114097869,9.2,47,Oil Tanker
316002222,2018-12-19T00:20:00+00:00,29.23680281947898,-88.8322111409787,11.5,34,Cargo
316003333,2018-12-19T00:20:00+00:00,29.16900281947898,-88.79207780764536,4.2,18,Tug
316004444,2018-12-19T00:20:00+00:00,28.985636152812315,-88.70441114097869,14.0,310,Passenger
316001111,2018-12-19T00:40:00+00:00,29.178636152812313,-88.77667780764536,9.2,47,Oil Tanker
316002222,2018-12-19T00:40:00+00:00,29.23730281947898,-88.83187780764537,11.5,34,Cargo
316003333,2018-12-19T00:40:00+00:00,29.16910281947898,-88.79201114097869,4.2,18,Tug
316004444,2018-12-19T00:40:00+00:00,28.98596948614565,-88.70467780764535,14.0,310,Passenger
316001111,2018-12-19T01:00:00+00:00,29.17930281947898,-88.77594447431203,9.2,47,Oil Tanker
316002222,2018-12-19T01:00:00+00:00,29.237802819478983,-88.83154447431203,11.5,34,Cargo
316003333,2018-12-19T01:00:00+00:00,29.169202819478983,-88.79194447431202,4.2,18,Tug
316004444,2018-12-19T01:00:00+00:00,28.986302819478983,-88.70494447431203,14.0,310,Passenger
316001111,2018-12-19T01:20:00+00:00,29.179969486145648,-88.7752111409787,9.2,47,Oil Tanker
316002222,2018-12-19T01:20:00+00:00,29.23830281947898,-88.8312111409787,11.5,34,Cargo
316003333,2018-12-19T01:20:00+00:00,29.169302819478983,-88.79187780764535,4.2,18,Tug
316004444,2018-12-19T01:20:00+00:00,28.986636152812313,-88.70521114097869,14.0,310,Passenger
316001111,2018-12-19T01:40:00+00:00,29.180636152812315,-88.77447780764535,9.2,47,Oil Tanker
316002222,2018-12-19T01:40:00+00:00,29.23880281947898,-88.83087780764536,11.5,34,Cargo
316003333,2018-12-19T01:40:00+00:00,29.169402819478982,-88.79181114097868,4.2,18,Tug
316004444,2018-12-19T01:40:00+00:00,28.986969486145647,-88.70547780764535,14.0,310,Passenger
316001111,2018-12-19T02:00:00+00:00,29.18130281947898,-88.77374447431202,9.2,47,Oil Tanker
316002222,2018-12-19T02:00:00+00:00,29.239302819478983,-88.83054447431203,11.5,34,Cargo
316003333,2018-12-19T02:00:00+00:00,29.169502819478982,-88.79174447431203,4.2,18,Tug
316004444,2018-12-19T02:00:00+00:00,28.98730281947898,-88.70574447431203,14.0,310,Passenger
316001111,2018-12-19T02:20:00+00:00,29.181969486145647,-88.7730111409787,9.2,47,Oil Tanker
316002222,2018-12-19T02:20:00+00:00,29.23980281947898,-88.83021114097869,11.5,34,Cargo
316003333,2018-12-19T02:20:00+00:00,29.169602819478982,-88.79167780764536,4.2,18,Tug
316004444,2018-12-19T02:20:00+00:00,28.987636152812314,-88.70601114097869,14.0,310,Passenger
316001111,2018-12-19T02:40:00+00:00,29.182636152812314,-88.77227780764535,9.2,47,Oil Tanker
316002222,2018-12-19T02:40:00+00:00,29.24030281947898,-88.82987780764536,11.5,34,Cargo
316003333,2018-12-19T02:40:00+00:00,29.16970281947898,-88.79161114097869,4.2,18,Tug
316004444,2018-12-19T02:40:00+00:00,28.987969486145648,-88.70627780764536,14.0,310,Passenger
316001111,2018-12-19T03:00:00+00:00,29.183302819478982,-88.77154447431202,9.2,47,Oil Tanker
316002222,2018-12-19T03:00:00+00:00,29.240802819478983,-88.82954447431203,11.5,34,Cargo
316003333,2018-12-19T03:00:00+00:00,29.16980281947898,-88.79154447431202,4.2,18,Tug
316004444,2018-12-19T03:00:00+00:00,28.98830281947898,-88.70654447431203,14.0,310,Passenger
316001111,2018-12-19T03:20:00+00:00,29.183969486145646,-88.7708111409787,9.2,47,Oil Tanker
316002222,2018-12-19T03:20:00+00:00,29.24130281947898,-88.8292111409787,11.5,34,Cargo
316003333,2018-12-19T03:20:00+00:00,29.16990281947898,-88.79147780764535,4.2,18,Tug
316004444,2018-12-19T03:20:00+00:00,28.988636152812315,-88.70681114097869,14.0,310,Passenger
316001111,2018-12-19T03:40:00+00:00,29.184636152812313,-88.77007780764536,9.2,47,Oil Tanker
316002222,2018-12-19T03:40:00+00:00,29.24180281947898,-88.82887780764537,11.5,34,Cargo
316003333,2018-12-19T03:40:00+00:00,29.17000281947898,-88.79141114097868,4.2,18,Tug
316004444,2018-12-19T03:40:00+00:00,28.98896948614565,-88.70707780764536,14.0,310,Passenger
316001111,2018-12-19T04:00:00+00:00,29.18530281947898,-88.76934447431202,9.2,47,Oil Tanker
316002222,2018-12-19T04:00:00+00:00,29.242302819478983,-88.82854447431203,11.5,34,Cargo
316003333,2018-12-19T04:00:00+00:00,29.17010281947898,-88.79134447431201,4.2,18,Tug
316004444,2018-12-19T04:00:00+00:00,28.98930281947898,-88.70734447431202,14.0,310,Passenger
316001111,2018-12-19T04:20:00+00:00,29.18596948614565,-88.76861114097869,9.2,47,Oil Tanker
316002222,2018-12-19T04:20:00+00:00,29.24280281947898,-88.8282111409787,11.5,34,Cargo
316003333,2018-12-19T04:20:00+00:00,29.17020281947898,-88.79127780764536,4.2,18,Tug
316004444,2018-12-19T04:20:00+00:00,28.989636152812313,-88.70761114097868,14.0,310,Passenger
316001111,2018-12-19T04:40:00+00:00,29.186636152812316,-88.76787780764536,9.2,47,Oil Tanker
316002222,2018-12-19T04:40:00+00:00,29.24330281947898,-88.82787780764536,11.5,34,Cargo
316003333,2018-12-19T04:40:00+00:00,29.17030281947898,-88.79121114097869,4.2,18,Tug
316004444,2018-12-19T04:40:00+00:00,28.989969486145647,-88.70787780764536,14.0,310,Passenger
316001111,2018-12-19T05:00:00+00:00,29.18730281947898,-88.76714447431202,9.2,47,Oil Tanker
316002222,2018-12-19T05:00:00+00:00,29.243802819478983,-88.82754447431203,11.5,34,Cargo
316003333,2018-12-19T05:00:00+00:00,29.17040281947898,-88.79114447431202,4.2,18,Tug
316004444,2018-12-19T05:00:00+00:00,28.99030281947898,-88.70814447431202,14.0,310,Passenger
316001111,2018-12-19T05:20:00+00:00,29.187969486145647,-88.76641114097869,9.2,47,Oil Tanker
316002222,2018-12-19T05:20:00+00:00,29.244302819478982,-88.82721114097869,11.5,34,Cargo
316003333,2018-12-19T05:20:00+00:00,29.17050281947898,-88.79107780764535,4.2,18,Tug
316004444,2018-12-19T05:20:00+00:00,28.990636152812314,-88.7084111409787,14.0,310,Passenger
316001111,2018-12-19T05:40:00+00:00,29.188636152812315,-88.76567780764536,9.2,47,Oil Tanker
316002222,2018-12-19T05:40:00+00:00,29.24480281947898,-88.82687780764536,11.5,34,Cargo
316003333,2018-12-19T05:40:00+00:00,29.17060281947898,-88.79101114097868,4.2,18,Tug
316004444,2018-12-19T05:40:00+00:00,28.990969486145648,-88.70867780764536,14.0,310,Passenger
316001111,2018-12-19T06:00:00+00:00,29.189302819478982,-88.76494447431203,9.2,47,Oil Tanker
316002222,2018-12-19T06:00:00+00:00,29.245302819478983,-88.82654447431203,11.5,34,Cargo
316003333,2018-12-19T06:00:00+00:00,29.170702819478983,-88.79094447431201,4.2,18,Tug
316004444,2018-12-19T06:00:00+00:00,28.99130281947898,-88.70894447431202,14.0,310,Passenger
316001111,2018-12-19T06:20:00+00:00,29.189969486145646,-88.76421114097869,9.2,47,Oil Tanker
316002222,2018-12-19T06:20:00+00:00,29.245802819478982,-88.8262111409787,11.5,34,Cargo
316003333,2018-12-19T06:20:00+00:00,29.170802819478983,-88.79087780764536,4.2,18,Tug
316004444,2018-12-19T06:20:00+00:00,28.991636152812315,-88.7092111409787,14.0,310,Passenger
316001111,2018-12-19T06:40:00+00:00,29.190636152812313,-88.76347780764536,9.2,47,Oil Tanker
316002222,2018-12-19T06:40:00+00:00,29.24630281947898,-88.82587780764537,11.5,34,Cargo
316003333,2018-12-19T06:40:00+00:00,29.170902819478982,-88.79081114097869,4.2,18,Tug
316004444,2018-12-19T06:40:00+00:00,28.99196948614565,-88.70947780764536,14.0,310,Passenger
316001111,2018-12-19T07:00:00+00:00,29.19130281947898,-88.76274447431203,9.2,47,Oil Tanker
316002222,2018-12-19T07:00:00+00:00,29.246802819478983,-88.82554447431203,11.5,34,Cargo
316003333,2018-12-19T07:00:00+00:00,29.171002819478982,-88.79074447431202,4.2,18,Tug
316004444,2018-12-19T07:00:00+00:00,28.99230281947898,-88.70974447431202,14.0,310,Passenger
316001111,2018-12-19T07:20:00+00:00,29.19196948614565,-88.76201114097869,9.2,47,Oil Tanker
316002222,2018-12-19T07:20:00+00:00,29.247302819478982,-88.8252111409787,11.5,34,Cargo
316003333,2018-12-19T07:20:00+00:00,29.171102819478982,-88.79067780764535,4.2,18,Tug
316004444,2018-12-19T07:20:00+00:00,28.992636152812313,-88.7100111409787,14.0,310,Passenger
316001111,2018-12-19T07:40:00+00:00,29.192636152812312,-88.76127780764536,9.2,47,Oil Tanker
316002222,2018-12-19T07:40:00+00:00,29.24780281947898,-88.82487780764536,11.5,34,Cargo
316003333,2018-12-19T07:40:00+00:00,29.17120281947898,-88.79061114097868,4.2,18,Tug
316004444,2018-12-19T07:40:00+00:00,28.992969486145647,-88.71027780764535,14.0,310,Passenger
316001111,2018-12-19T08:00:00+00:00,29.19330281947898,-88.76054447431203,9.2,47,Oil Tanker
316002222,2018-12-19T08:00:00+00:00,29.248302819478983,-88.82454447431203,11.5,34,Cargo
316003333,2018-12-19T08:00:00+00:00,29.17130281947898,-88.79054447431201,4.2,18,Tug
316004444,2018-12-19T08:00:00+00:00,28.99330281947898,-88.71054447431203,14.0,310,Passenger
316001111,2018-12-19T08:20:00+00:00,29.193969486145647,-88.75981114097868,9.2,47,Oil Tanker
316002222,2018-12-19T08:20:00+00:00,29.248802819478982,-88.82421114097869,11.5,34,Cargo
316003333,2018-12-19T08:20:00+00:00,29.17140281947898,-88.79047780764535,4.2,18,Tug
316004444,2018-12-19T08:20:00+00:00,28.993636152812314,-88.71081114097869,14.0,310,Passenger
316001111,2018-12-19T08:40:00+00:00,29.194636152812315,-88.75907780764535,9.2,47,Oil Tanker
316002222,2018-12-19T08:40:00+00:00,29.24930281947898,-88.82387780764536,11.5,34,Cargo
316003333,2018-12-19T08:40:00+00:00,29.17150281947898,-88.79041114097869,4.2,18,Tug
316004444,2018-12-19T08:40:00+00:00,28.993969486145648,-88.71107780764535,14.0,310,Passenger
316001111,2018-12-19T09:00:00+00:00,29.195302819478982,-88.75834447431203,9.2,47,Oil Tanker
316002222,2018-12-19T09:00:00+00:00,29.249802819478983,-88.82354447431203,11.5,34,Cargo
316003333,2018-12-19T09:00:00+00:00,29.17160281947898,-88.79034447431202,4.2,18,Tug
316004444,2018-12-19T09:00:00+00:00,28.994302819478982,-88.71134447431203,14.0,310,Passenger
316001111,2018-12-19T09:20:00+00:00,29.195969486145646,-88.7576111409787,9.2,47,Oil Tanker
316002222,2018-12-19T09:20:00+00:00,29.250302819478982,-88.8232111409787,11.5,34,Cargo
316003333,2018-12-19T09:20:00+00:00,29.17170281947898,-88.79027780764535,4.2,18,Tug
316004444,2018-12-19T09:20:00+00:00,28.994636152812316,-88.71161114097869,14.0,310,Passenger
316001111,2018-12-19T09:40:00+00:00,29.196636152812314,-88.75687780764535,9.2,47,Oil Tanker
316002222,2018-12-19T09:40:00+00:00,29.25080281947898,-88.82287780764537,11.5,34,Cargo
316003333,2018-12-19T09:40:00+00:00,29.17180281947898,-88.79021114097868,4.2,18,Tug
316004444,2018-12-19T09:40:00+00:00,28.99496948614565,-88.71187780764537,14.0,310,Passenger
316001111,2018-12-19T10:00:00+00:00,29.19730281947898,-88.75614447431202,9.2,47,Oil Tanker
316002222,2018-12-19T10:00:00+00:00,29.251302819478983,-88.82254447431202,11.5,34,Cargo
316003333,2018-12-19T10:00:00+00:00,29.17190281947898,-88.79014447431202,4.2,18,Tug
316004444,2018-12-19T10:00:00+00:00,28.99530281947898,-88.71214447431203,14.0,310,Passenger
316001111,2018-12-19T10:20:00+00:00,29.19796948614565,-88.7554111409787,9.2,47,Oil Tanker
316002222,2018-12-19T10:20:00+00:00,29.251802819478982,-88.8222111409787,11.5,34,Cargo
316003333,2018-12-19T10:20:00+00:00,29.17200281947898,-88.79007780764535,4.2,18,Tug
316004444,2018-12-19T10:20:00+00:00,28.995636152812313,-88.71241114097869,14.0,310,Passenger
316001111,2018-12-19T10:40:00+00:00,29.198636152812313,-88.75467780764535,9.2,47,Oil Tanker
316002222,2018-12-19T10:40:00+00:00,29.25230281947898,-88.82187780764536,11.5,34,Cargo
316003333,2018-12-19T10:40:00+00:00,29.17210281947898,-88.79001114097869,4.2,18,Tug
316004444,2018-12-19T10:40:00+00:00,28.995969486145647,-88.71267780764536,14.0,310,Passenger
316001111,2018-12-19T11:00:00+00:00,29.19930281947898,-88.75394447431202,9.2,47,Oil Tanker
316002222,2018-12-19T11:00:00+00:00,29.252802819478983,-88.82154447431203,11.5,34,Cargo
316003333,2018-12-19T11:00:00+00:00,29.172202819478983,-88.78994447431202,4.2,18,Tug
316004444,2018-12-19T11:00:00+00:00,28.99630281947898,-88.71294447431202,14.0,310,Passenger
316001111,2018-12-19T11:20:00+00:00,29.199969486145648,-88.75321114097869,9.2,47,Oil Tanker
316002222,2018-12-19T11:20:00+00:00,29.253302819478982,-88.8212111409787,11.5,34,Cargo
316003333,2018-12-19T11:20:00+00:00,29.172302819478983,-88.78987780764535,4.2,18,Tug
316004444,2018-12-19T11:20:00+00:00,28.996636152812314,-88.71321114097869,14.0,310,Passenger
316001111,2018-12-19T11:40:00+00:00,29.200636152812315,-88.75247780764536,9.2,47,Oil Tanker
316002222,2018-12-19T11:40:00+00:00,29.25380281947898,-88.82087780764536,11.5,34,Cargo
316003333,2018-12-19T11:40:00+00:00,29.172402819478982,-88.78981114097868,4.2,18,Tug
316004444,2018-12-19T11:40:00+00:00,28.996969486145648,-88.71347780764536,14.0,310,Passenger
316001111,2018-12-19T12:00:00+00:00,29.20130281947898,-88.75174447431202,9.2,47,Oil Tanker
316002222,2018-12-19T12:00:00+00:00,29.254302819478983,-88.82054447431203,11.5,34,Cargo
316003333,2018-12-19T12:00:00+00:00,29.172502819478982,-88.78974447431202,4.2,18,Tug
316004444,2018-12-19T12:00:00+00:00,28.997302819478982,-88.71374447431202,14.0,310,Passenger
